{
    "$schema": "https://schema.management.azure.com/schemas/2015-01-01/deploymentParameters.json#",
    "contentVersion": "1.0.0.0",
    "parameters": {
        "extensions_Microsoft.Insights.VMDiagnosticsSettings_xmlCfg": {
            "value": null
        },
        "extensions_Microsoft.Insights.VMDiagnosticsSettings_storageAccountName": {
            "value": null
        },
        "extensions_Microsoft.Insights.VMDiagnosticsSettings_storageAccountKey": {
            "value": null
        },
        "extensions_Microsoft.Insights.VMDiagnosticsSettings_storageAccountEndPoint": {
            "value": null
        },
        "extensions_Microsoft.Insights.VMDiagnosticsSettings_xmlCfg_1": {
            "value": null
        },
        "extensions_Microsoft.Insights.VMDiagnosticsSettings_storageAccountName_1": {
            "value": null
        },
        "extensions_Microsoft.Insights.VMDiagnosticsSettings_storageAccountKey_1": {
            "value": null
        },
        "extensions_Microsoft.Insights.VMDiagnosticsSettings_storageAccountEndPoint_1": {
            "value": null
        },
        "virtualMachines_adVM_name": {
            "value": null
        },
        "virtualNetworks_MyVNET_name": {
            "value": null
        },
        "virtualMachines_Jumpbox_name": {
            "value": null
        },
        "virtualMachines_Win2019_name": {
            "value": null
        },
        "networkInterfaces_adNic_name": {
            "value": null
        },
        "networkInterfaces_myVMNic_name": {
            "value": null
        },
        "virtualMachines_win2k8r2_0_name": {
            "value": null
        },
        "networkInterfaces_jumpbox639_name": {
            "value": null
        },
        "networkInterfaces_win2019932_name": {
            "value": null
        },
        "publicIPAddresses_Jumpbox_ip_name": {
            "value": null
        },
        "publicIPAddresses_Win2019_ip_name": {
            "value": null
        },
        "networkSecurityGroups_Jumpbox_nsg_name": {
            "value": null
        },
        "networkSecurityGroups_Win2019_nsg_name": {
            "value": null
        },
        "storageAccounts_53thli4hkbh7qsawinvm_name": {
            "value": null
        },
        "subnets_Subnet_name": {
            "value": null
        },
        "extensions_CreateADForest_name": {
            "value": null
        },
        "securityRules_RDP_name": {
            "value": null
        },
        "extensions_Microsoft.Insights.VMDiagnosticsSettings_name": {
            "value": null
        },
        "extensions_Microsoft.Insights.VMDiagnosticsSettings_name_1": {
            "value": null
        },
        "virtualMachines_adVM_id": {
            "value": null
        },
        "virtualMachines_adVM_id_1": {
            "value": null
        },
        "virtualMachines_Jumpbox_id": {
            "value": null
        },
        "virtualMachines_Win2019_id": {
            "value": null
        },
        "virtualMachines_Win2019_id_1": {
            "value": null
        },
        "virtualMachines_win2k8r2_0_id": {
            "value": null
        },
        "virtualMachines_win2k8r2_0_id_1": {
            "value": null
        }
    }
}