{
    "$schema": "https://schema.management.azure.com/schemas/2015-01-01/deploymentTemplate.json#",
    "contentVersion": "1.0.0.0",
    "parameters": {
        "extensions_Microsoft.Insights.VMDiagnosticsSettings_xmlCfg": {
            "defaultValue": null,
            "type": "SecureString"
        },
        "extensions_Microsoft.Insights.VMDiagnosticsSettings_storageAccountName": {
            "defaultValue": null,
            "type": "SecureString"
        },
        "extensions_Microsoft.Insights.VMDiagnosticsSettings_storageAccountKey": {
            "defaultValue": null,
            "type": "SecureString"
        },
        "extensions_Microsoft.Insights.VMDiagnosticsSettings_storageAccountEndPoint": {
            "defaultValue": null,
            "type": "SecureString"
        },
        "extensions_Microsoft.Insights.VMDiagnosticsSettings_xmlCfg_1": {
            "defaultValue": null,
            "type": "SecureString"
        },
        "extensions_Microsoft.Insights.VMDiagnosticsSettings_storageAccountName_1": {
            "defaultValue": null,
            "type": "SecureString"
        },
        "extensions_Microsoft.Insights.VMDiagnosticsSettings_storageAccountKey_1": {
            "defaultValue": null,
            "type": "SecureString"
        },
        "extensions_Microsoft.Insights.VMDiagnosticsSettings_storageAccountEndPoint_1": {
            "defaultValue": null,
            "type": "SecureString"
        },
        "virtualMachines_adVM_name": {
            "defaultValue": "adVM",
            "type": "String"
        },
        "virtualNetworks_MyVNET_name": {
            "defaultValue": "MyVNET",
            "type": "String"
        },
        "virtualMachines_Jumpbox_name": {
            "defaultValue": "Jumpbox",
            "type": "String"
        },
        "virtualMachines_Win2019_name": {
            "defaultValue": "Win2019",
            "type": "String"
        },
        "networkInterfaces_adNic_name": {
            "defaultValue": "adNic",
            "type": "String"
        },
        "networkInterfaces_myVMNic_name": {
            "defaultValue": "myVMNic",
            "type": "String"
        },
        "virtualMachines_win2k8r2_0_name": {
            "defaultValue": "win2k8r2-0",
            "type": "String"
        },
        "networkInterfaces_jumpbox639_name": {
            "defaultValue": "jumpbox639",
            "type": "String"
        },
        "networkInterfaces_win2019932_name": {
            "defaultValue": "win2019932",
            "type": "String"
        },
        "publicIPAddresses_Jumpbox_ip_name": {
            "defaultValue": "Jumpbox-ip",
            "type": "String"
        },
        "publicIPAddresses_Win2019_ip_name": {
            "defaultValue": "Win2019-ip",
            "type": "String"
        },
        "networkSecurityGroups_Jumpbox_nsg_name": {
            "defaultValue": "Jumpbox-nsg",
            "type": "String"
        },
        "networkSecurityGroups_Win2019_nsg_name": {
            "defaultValue": "Win2019-nsg",
            "type": "String"
        },
        "storageAccounts_53thli4hkbh7qsawinvm_name": {
            "defaultValue": "53thli4hkbh7qsawinvm",
            "type": "String"
        },
        "subnets_Subnet_name": {
            "defaultValue": "Subnet",
            "type": "String"
        },
        "extensions_CreateADForest_name": {
            "defaultValue": "CreateADForest",
            "type": "String"
        },
        "securityRules_RDP_name": {
            "defaultValue": "RDP",
            "type": "String"
        },
        "extensions_Microsoft.Insights.VMDiagnosticsSettings_name": {
            "defaultValue": "Microsoft.Insights.VMDiagnosticsSettings",
            "type": "String"
        },
        "extensions_Microsoft.Insights.VMDiagnosticsSettings_name_1": {
            "defaultValue": "Microsoft.Insights.VMDiagnosticsSettings",
            "type": "String"
        },
        "virtualMachines_adVM_id": {
            "defaultValue": "/subscriptions/cd400f31-6f94-40ab-863a-673192a3c0d0/resourceGroups/LP4S1-Storage-Migration/providers/Microsoft.Compute/disks/adVM_OSDisk",
            "type": "String"
        },
        "virtualMachines_adVM_id_1": {
            "defaultValue": "/subscriptions/cd400f31-6f94-40ab-863a-673192a3c0d0/resourceGroups/LP4S1-Storage-Migration/providers/Microsoft.Compute/disks/adVM_DataDisk",
            "type": "String"
        },
        "virtualMachines_Jumpbox_id": {
            "defaultValue": "/subscriptions/cd400f31-6f94-40ab-863a-673192a3c0d0/resourceGroups/LP4S1-Storage-Migration/providers/Microsoft.Compute/disks/Jumpbox_OsDisk_1_239215071fcb4a8eb105a90e35b9ff1b",
            "type": "String"
        },
        "virtualMachines_Win2019_id": {
            "defaultValue": "/subscriptions/cd400f31-6f94-40ab-863a-673192a3c0d0/resourceGroups/LP4S1-Storage-Migration/providers/Microsoft.Compute/disks/Win2019_OsDisk_1_0ebfbac2cfd042a5b7d31c785773f8d0",
            "type": "String"
        },
        "virtualMachines_Win2019_id_1": {
            "defaultValue": "/subscriptions/cd400f31-6f94-40ab-863a-673192a3c0d0/resourceGroups/LP4S1-Storage-Migration/providers/Microsoft.Compute/disks/Win2019_DataDisk_0",
            "type": "String"
        },
        "virtualMachines_win2k8r2_0_id": {
            "defaultValue": "/subscriptions/cd400f31-6f94-40ab-863a-673192a3c0d0/resourceGroups/LP4S1-Storage-Migration/providers/Microsoft.Compute/disks/win2k8r2-0_OsDisk_1_d89ea97bc6474f65895d7b90427a1847",
            "type": "String"
        },
        "virtualMachines_win2k8r2_0_id_1": {
            "defaultValue": "/subscriptions/cd400f31-6f94-40ab-863a-673192a3c0d0/resourceGroups/LP4S1-Storage-Migration/providers/Microsoft.Compute/disks/win2k8r2-0_disk2_fdf8ff8e5234423c8ee41d3b769c1179",
            "type": "String"
        }
    },
    "variables": {},
    "resources": [
        {
            "comments": "Generalized from resource: '/subscriptions/cd400f31-6f94-40ab-863a-673192a3c0d0/resourceGroups/LP4S1-Storage-Migration/providers/Microsoft.Compute/virtualMachines/adVM'.",
            "type": "Microsoft.Compute/virtualMachines",
            "name": "[parameters('virtualMachines_adVM_name')]",
            "apiVersion": "2018-06-01",
            "location": "eastus",
            "scale": null,
            "properties": {
                "hardwareProfile": {
                    "vmSize": "Standard_D2_v2"
                },
                "storageProfile": {
                    "imageReference": {
                        "publisher": "MicrosoftWindowsServer",
                        "offer": "WindowsServer",
                        "sku": "2016-Datacenter",
                        "version": "latest"
                    },
                    "osDisk": {
                        "osType": "Windows",
                        "name": "[concat(parameters('virtualMachines_adVM_name'),'_OSDisk')]",
                        "createOption": "FromImage",
                        "caching": "ReadWrite",
                        "managedDisk": {
                            "storageAccountType": "Standard_LRS",
                            "id": "[parameters('virtualMachines_adVM_id')]"
                        },
                        "diskSizeGB": 127
                    },
                    "dataDisks": [
                        {
                            "lun": 0,
                            "name": "[concat(parameters('virtualMachines_adVM_name'),'_DataDisk')]",
                            "createOption": "Empty",
                            "caching": "None",
                            "managedDisk": {
                                "storageAccountType": "Standard_LRS",
                                "id": "[parameters('virtualMachines_adVM_id_1')]"
                            },
                            "diskSizeGB": 20
                        }
                    ]
                },
                "osProfile": {
                    "computerName": "[parameters('virtualMachines_adVM_name')]",
                    "adminUsername": "sysadmin",
                    "windowsConfiguration": {
                        "provisionVMAgent": true,
                        "enableAutomaticUpdates": true
                    },
                    "secrets": []
                },
                "networkProfile": {
                    "networkInterfaces": [
                        {
                            "id": "[resourceId('Microsoft.Network/networkInterfaces', parameters('networkInterfaces_adNic_name'))]"
                        }
                    ]
                }
            },
            "dependsOn": [
                "[resourceId('Microsoft.Network/networkInterfaces', parameters('networkInterfaces_adNic_name'))]"
            ]
        },
        {
            "comments": "Generalized from resource: '/subscriptions/cd400f31-6f94-40ab-863a-673192a3c0d0/resourceGroups/LP4S1-Storage-Migration/providers/Microsoft.Compute/virtualMachines/Jumpbox'.",
            "type": "Microsoft.Compute/virtualMachines",
            "name": "[parameters('virtualMachines_Jumpbox_name')]",
            "apiVersion": "2018-06-01",
            "location": "eastus",
            "tags": {},
            "scale": null,
            "properties": {
                "hardwareProfile": {
                    "vmSize": "Standard_D4s_v3"
                },
                "storageProfile": {
                    "imageReference": {
                        "publisher": "MicrosoftWindowsDesktop",
                        "offer": "Windows-10",
                        "sku": "rs4-pro",
                        "version": "latest"
                    },
                    "osDisk": {
                        "osType": "Windows",
                        "name": "[concat(parameters('virtualMachines_Jumpbox_name'),'_OsDisk_1_239215071fcb4a8eb105a90e35b9ff1b')]",
                        "createOption": "FromImage",
                        "caching": "ReadWrite",
                        "managedDisk": {
                            "storageAccountType": "Premium_LRS",
                            "id": "[parameters('virtualMachines_Jumpbox_id')]"
                        },
                        "diskSizeGB": 127
                    },
                    "dataDisks": []
                },
                "osProfile": {
                    "computerName": "[parameters('virtualMachines_Jumpbox_name')]",
                    "adminUsername": "sysadmin",
                    "windowsConfiguration": {
                        "provisionVMAgent": true,
                        "enableAutomaticUpdates": true
                    },
                    "secrets": [],
                    "allowExtensionOperations": true
                },
                "networkProfile": {
                    "networkInterfaces": [
                        {
                            "id": "[resourceId('Microsoft.Network/networkInterfaces', parameters('networkInterfaces_jumpbox639_name'))]"
                        }
                    ]
                },
                "diagnosticsProfile": {
                    "bootDiagnostics": {
                        "enabled": true,
                        "storageUri": "[concat('https', '://', parameters('storageAccounts_53thli4hkbh7qsawinvm_name'), '.blob.core.windows.net', '/')]"
                    }
                },
                "licenseType": "Windows_Client"
            },
            "dependsOn": [
                "[resourceId('Microsoft.Network/networkInterfaces', parameters('networkInterfaces_jumpbox639_name'))]",
                "[resourceId('Microsoft.Storage/storageAccounts', parameters('storageAccounts_53thli4hkbh7qsawinvm_name'))]"
            ]
        },
        {
            "comments": "Generalized from resource: '/subscriptions/cd400f31-6f94-40ab-863a-673192a3c0d0/resourceGroups/LP4S1-Storage-Migration/providers/Microsoft.Compute/virtualMachines/Win2019'.",
            "type": "Microsoft.Compute/virtualMachines",
            "name": "[parameters('virtualMachines_Win2019_name')]",
            "apiVersion": "2018-06-01",
            "location": "eastus",
            "tags": {},
            "scale": null,
            "properties": {
                "hardwareProfile": {
                    "vmSize": "Standard_DS1_v2"
                },
                "storageProfile": {
                    "imageReference": {
                        "publisher": "MicrosoftWindowsServer",
                        "offer": "WindowsServerSemiAnnual",
                        "sku": "Datacenter-Core-1709-smalldisk",
                        "version": "latest"
                    },
                    "osDisk": {
                        "osType": "Windows",
                        "name": "[concat(parameters('virtualMachines_Win2019_name'),'_OsDisk_1_0ebfbac2cfd042a5b7d31c785773f8d0')]",
                        "createOption": "FromImage",
                        "caching": "ReadWrite",
                        "managedDisk": {
                            "storageAccountType": "Premium_LRS",
                            "id": "[parameters('virtualMachines_Win2019_id')]"
                        },
                        "diskSizeGB": 30
                    },
                    "dataDisks": [
                        {
                            "lun": 0,
                            "name": "[concat(parameters('virtualMachines_Win2019_name'),'_DataDisk_0')]",
                            "createOption": "Attach",
                            "caching": "None",
                            "writeAcceleratorEnabled": false,
                            "managedDisk": {
                                "storageAccountType": "Premium_LRS",
                                "id": "[parameters('virtualMachines_Win2019_id_1')]"
                            },
                            "diskSizeGB": 1023
                        }
                    ]
                },
                "osProfile": {
                    "computerName": "[parameters('virtualMachines_Win2019_name')]",
                    "adminUsername": "sysadmin",
                    "windowsConfiguration": {
                        "provisionVMAgent": true,
                        "enableAutomaticUpdates": true
                    },
                    "secrets": [],
                    "allowExtensionOperations": true
                },
                "networkProfile": {
                    "networkInterfaces": [
                        {
                            "id": "[resourceId('Microsoft.Network/networkInterfaces', parameters('networkInterfaces_win2019932_name'))]"
                        }
                    ]
                },
                "diagnosticsProfile": {
                    "bootDiagnostics": {
                        "enabled": true,
                        "storageUri": "[concat('https', '://', parameters('storageAccounts_53thli4hkbh7qsawinvm_name'), '.blob.core.windows.net', '/')]"
                    }
                }
            },
            "dependsOn": [
                "[resourceId('Microsoft.Network/networkInterfaces', parameters('networkInterfaces_win2019932_name'))]",
                "[resourceId('Microsoft.Storage/storageAccounts', parameters('storageAccounts_53thli4hkbh7qsawinvm_name'))]"
            ]
        },
        {
            "comments": "Generalized from resource: '/subscriptions/cd400f31-6f94-40ab-863a-673192a3c0d0/resourceGroups/LP4S1-Storage-Migration/providers/Microsoft.Compute/virtualMachines/win2k8r2-0'.",
            "type": "Microsoft.Compute/virtualMachines",
            "name": "[parameters('virtualMachines_win2k8r2_0_name')]",
            "apiVersion": "2018-06-01",
            "location": "eastus",
            "scale": null,
            "properties": {
                "hardwareProfile": {
                    "vmSize": "Standard_A2"
                },
                "storageProfile": {
                    "imageReference": {
                        "publisher": "MicrosoftWindowsServer",
                        "offer": "WindowsServer",
                        "sku": "2008-R2-SP1",
                        "version": "latest"
                    },
                    "osDisk": {
                        "osType": "Windows",
                        "name": "[concat(parameters('virtualMachines_win2k8r2_0_name'),'_OsDisk_1_d89ea97bc6474f65895d7b90427a1847')]",
                        "createOption": "FromImage",
                        "caching": "ReadWrite",
                        "managedDisk": {
                            "storageAccountType": "Standard_LRS",
                            "id": "[parameters('virtualMachines_win2k8r2_0_id')]"
                        },
                        "diskSizeGB": 127
                    },
                    "dataDisks": [
                        {
                            "lun": 0,
                            "name": "[concat(parameters('virtualMachines_win2k8r2_0_name'),'_disk2_fdf8ff8e5234423c8ee41d3b769c1179')]",
                            "createOption": "Empty",
                            "caching": "None",
                            "managedDisk": {
                                "storageAccountType": "Standard_LRS",
                                "id": "[parameters('virtualMachines_win2k8r2_0_id_1')]"
                            },
                            "diskSizeGB": 1023
                        }
                    ]
                },
                "osProfile": {
                    "computerName": "[parameters('virtualMachines_win2k8r2_0_name')]",
                    "adminUsername": "sysadmin",
                    "windowsConfiguration": {
                        "provisionVMAgent": true,
                        "enableAutomaticUpdates": true
                    },
                    "secrets": []
                },
                "networkProfile": {
                    "networkInterfaces": [
                        {
                            "id": "[resourceId('Microsoft.Network/networkInterfaces', parameters('networkInterfaces_myVMNic_name'))]"
                        }
                    ]
                },
                "diagnosticsProfile": {
                    "bootDiagnostics": {
                        "enabled": true,
                        "storageUri": "[concat('https', '://', parameters('storageAccounts_53thli4hkbh7qsawinvm_name'), '.blob.core.windows.net', '/')]"
                    }
                }
            },
            "dependsOn": [
                "[resourceId('Microsoft.Network/networkInterfaces', parameters('networkInterfaces_myVMNic_name'))]",
                "[resourceId('Microsoft.Storage/storageAccounts', parameters('storageAccounts_53thli4hkbh7qsawinvm_name'))]"
            ]
        },
        {
            "comments": "Generalized from resource: '/subscriptions/cd400f31-6f94-40ab-863a-673192a3c0d0/resourceGroups/LP4S1-Storage-Migration/providers/Microsoft.Network/networkInterfaces/adNic'.",
            "type": "Microsoft.Network/networkInterfaces",
            "name": "[parameters('networkInterfaces_adNic_name')]",
            "apiVersion": "2018-02-01",
            "location": "eastus",
            "scale": null,
            "properties": {
                "provisioningState": "Succeeded",
                "resourceGuid": "3aba14cb-0649-4e09-a5f8-eb99d8ff6c6b",
                "ipConfigurations": [
                    {
                        "name": "ipconfig1",
                        "etag": "W/\"7a3d330e-5133-4bd2-80bd-ea39f2383598\"",
                        "properties": {
                            "provisioningState": "Succeeded",
                            "privateIPAddress": "10.0.0.4",
                            "privateIPAllocationMethod": "Static",
                            "subnet": {
                                "id": "[resourceId('Microsoft.Network/virtualNetworks/subnets', parameters('virtualNetworks_MyVNET_name'), parameters('subnets_Subnet_name'))]"
                            },
                            "primary": true,
                            "privateIPAddressVersion": "IPv4"
                        }
                    }
                ],
                "dnsSettings": {
                    "dnsServers": [],
                    "appliedDnsServers": [],
                    "internalDomainNameSuffix": "radyqzkanyyujgfgwtmb4fnxvg.bx.internal.cloudapp.net"
                },
                "macAddress": "00-0D-3A-1B-1B-07",
                "enableAcceleratedNetworking": false,
                "enableIPForwarding": false,
                "primary": true
            },
            "dependsOn": [
                "[resourceId('Microsoft.Network/virtualNetworks/subnets', parameters('virtualNetworks_MyVNET_name'), parameters('subnets_Subnet_name'))]"
            ]
        },
        {
            "comments": "Generalized from resource: '/subscriptions/cd400f31-6f94-40ab-863a-673192a3c0d0/resourceGroups/LP4S1-Storage-Migration/providers/Microsoft.Network/networkInterfaces/jumpbox639'.",
            "type": "Microsoft.Network/networkInterfaces",
            "name": "[parameters('networkInterfaces_jumpbox639_name')]",
            "apiVersion": "2018-02-01",
            "location": "eastus",
            "tags": {},
            "scale": null,
            "properties": {
                "provisioningState": "Succeeded",
                "resourceGuid": "22af2aca-7278-4a8e-9a9c-cf9741a4d2c9",
                "ipConfigurations": [
                    {
                        "name": "ipconfig1",
                        "etag": "W/\"e9abe445-f2e9-4964-a2d4-5725ad341832\"",
                        "properties": {
                            "provisioningState": "Succeeded",
                            "privateIPAddress": "10.0.0.7",
                            "privateIPAllocationMethod": "Dynamic",
                            "publicIPAddress": {
                                "id": "[resourceId('Microsoft.Network/publicIPAddresses', parameters('publicIPAddresses_Jumpbox_ip_name'))]"
                            },
                            "subnet": {
                                "id": "[resourceId('Microsoft.Network/virtualNetworks/subnets', parameters('virtualNetworks_MyVNET_name'), parameters('subnets_Subnet_name'))]"
                            },
                            "primary": true,
                            "privateIPAddressVersion": "IPv4"
                        }
                    }
                ],
                "dnsSettings": {
                    "dnsServers": [],
                    "appliedDnsServers": [],
                    "internalDomainNameSuffix": "radyqzkanyyujgfgwtmb4fnxvg.bx.internal.cloudapp.net"
                },
                "macAddress": "00-0D-3A-15-7C-DA",
                "enableAcceleratedNetworking": false,
                "enableIPForwarding": false,
                "networkSecurityGroup": {
                    "id": "[resourceId('Microsoft.Network/networkSecurityGroups', parameters('networkSecurityGroups_Jumpbox_nsg_name'))]"
                },
                "primary": true
            },
            "dependsOn": [
                "[resourceId('Microsoft.Network/publicIPAddresses', parameters('publicIPAddresses_Jumpbox_ip_name'))]",
                "[resourceId('Microsoft.Network/virtualNetworks/subnets', parameters('virtualNetworks_MyVNET_name'), parameters('subnets_Subnet_name'))]",
                "[resourceId('Microsoft.Network/networkSecurityGroups', parameters('networkSecurityGroups_Jumpbox_nsg_name'))]"
            ]
        },
        {
            "comments": "Generalized from resource: '/subscriptions/cd400f31-6f94-40ab-863a-673192a3c0d0/resourceGroups/LP4S1-Storage-Migration/providers/Microsoft.Network/networkInterfaces/myVMNic'.",
            "type": "Microsoft.Network/networkInterfaces",
            "name": "[parameters('networkInterfaces_myVMNic_name')]",
            "apiVersion": "2018-02-01",
            "location": "eastus",
            "scale": null,
            "properties": {
                "provisioningState": "Succeeded",
                "resourceGuid": "67c6f026-5259-410f-8996-73e8eac59ef2",
                "ipConfigurations": [
                    {
                        "name": "ipconfig1",
                        "etag": "W/\"0fa20f04-6201-4bdf-93b0-2cccf3d2bbc3\"",
                        "properties": {
                            "provisioningState": "Succeeded",
                            "privateIPAddress": "10.0.0.5",
                            "privateIPAllocationMethod": "Dynamic",
                            "subnet": {
                                "id": "[resourceId('Microsoft.Network/virtualNetworks/subnets', parameters('virtualNetworks_MyVNET_name'), parameters('subnets_Subnet_name'))]"
                            },
                            "primary": true,
                            "privateIPAddressVersion": "IPv4"
                        }
                    }
                ],
                "dnsSettings": {
                    "dnsServers": [],
                    "appliedDnsServers": [],
                    "internalDomainNameSuffix": "radyqzkanyyujgfgwtmb4fnxvg.bx.internal.cloudapp.net"
                },
                "macAddress": "00-0D-3A-12-E2-1E",
                "enableAcceleratedNetworking": false,
                "enableIPForwarding": false,
                "primary": true
            },
            "dependsOn": [
                "[resourceId('Microsoft.Network/virtualNetworks/subnets', parameters('virtualNetworks_MyVNET_name'), parameters('subnets_Subnet_name'))]"
            ]
        },
        {
            "comments": "Generalized from resource: '/subscriptions/cd400f31-6f94-40ab-863a-673192a3c0d0/resourceGroups/LP4S1-Storage-Migration/providers/Microsoft.Network/networkInterfaces/win2019932'.",
            "type": "Microsoft.Network/networkInterfaces",
            "name": "[parameters('networkInterfaces_win2019932_name')]",
            "apiVersion": "2018-02-01",
            "location": "eastus",
            "tags": {},
            "scale": null,
            "properties": {
                "provisioningState": "Succeeded",
                "resourceGuid": "bd5f4475-e774-4686-8f46-0f6697ce8ff2",
                "ipConfigurations": [
                    {
                        "name": "ipconfig1",
                        "etag": "W/\"ec55218a-fd54-4bf4-acfa-c647880f7bed\"",
                        "properties": {
                            "provisioningState": "Succeeded",
                            "privateIPAddress": "10.0.0.6",
                            "privateIPAllocationMethod": "Dynamic",
                            "publicIPAddress": {
                                "id": "[resourceId('Microsoft.Network/publicIPAddresses', parameters('publicIPAddresses_Win2019_ip_name'))]"
                            },
                            "subnet": {
                                "id": "[resourceId('Microsoft.Network/virtualNetworks/subnets', parameters('virtualNetworks_MyVNET_name'), parameters('subnets_Subnet_name'))]"
                            },
                            "primary": true,
                            "privateIPAddressVersion": "IPv4"
                        }
                    }
                ],
                "dnsSettings": {
                    "dnsServers": [],
                    "appliedDnsServers": [],
                    "internalDomainNameSuffix": "radyqzkanyyujgfgwtmb4fnxvg.bx.internal.cloudapp.net"
                },
                "macAddress": "00-0D-3A-4E-5E-93",
                "enableAcceleratedNetworking": false,
                "enableIPForwarding": false,
                "networkSecurityGroup": {
                    "id": "[resourceId('Microsoft.Network/networkSecurityGroups', parameters('networkSecurityGroups_Win2019_nsg_name'))]"
                },
                "primary": true
            },
            "dependsOn": [
                "[resourceId('Microsoft.Network/publicIPAddresses', parameters('publicIPAddresses_Win2019_ip_name'))]",
                "[resourceId('Microsoft.Network/virtualNetworks/subnets', parameters('virtualNetworks_MyVNET_name'), parameters('subnets_Subnet_name'))]",
                "[resourceId('Microsoft.Network/networkSecurityGroups', parameters('networkSecurityGroups_Win2019_nsg_name'))]"
            ]
        },
        {
            "comments": "Generalized from resource: '/subscriptions/cd400f31-6f94-40ab-863a-673192a3c0d0/resourceGroups/LP4S1-Storage-Migration/providers/Microsoft.Network/networkSecurityGroups/Jumpbox-nsg'.",
            "type": "Microsoft.Network/networkSecurityGroups",
            "name": "[parameters('networkSecurityGroups_Jumpbox_nsg_name')]",
            "apiVersion": "2018-02-01",
            "location": "eastus",
            "tags": {},
            "scale": null,
            "properties": {
                "provisioningState": "Succeeded",
                "resourceGuid": "7f474b7f-908a-48d8-ab52-ceaf55704b99",
                "securityRules": [
                    {
                        "name": "RDP",
                        "etag": "W/\"196e435e-985b-408a-a59e-1e0728abedd5\"",
                        "properties": {
                            "provisioningState": "Succeeded",
                            "protocol": "TCP",
                            "sourcePortRange": "*",
                            "destinationPortRange": "3389",
                            "sourceAddressPrefix": "*",
                            "destinationAddressPrefix": "*",
                            "access": "Allow",
                            "priority": 300,
                            "direction": "Inbound",
                            "sourcePortRanges": [],
                            "destinationPortRanges": [],
                            "sourceAddressPrefixes": [],
                            "destinationAddressPrefixes": []
                        }
                    }
                ],
                "defaultSecurityRules": [
                    {
                        "name": "AllowVnetInBound",
                        "etag": "W/\"196e435e-985b-408a-a59e-1e0728abedd5\"",
                        "properties": {
                            "provisioningState": "Succeeded",
                            "description": "Allow inbound traffic from all VMs in VNET",
                            "protocol": "*",
                            "sourcePortRange": "*",
                            "destinationPortRange": "*",
                            "sourceAddressPrefix": "VirtualNetwork",
                            "destinationAddressPrefix": "VirtualNetwork",
                            "access": "Allow",
                            "priority": 65000,
                            "direction": "Inbound",
                            "sourcePortRanges": [],
                            "destinationPortRanges": [],
                            "sourceAddressPrefixes": [],
                            "destinationAddressPrefixes": []
                        }
                    },
                    {
                        "name": "AllowAzureLoadBalancerInBound",
                        "etag": "W/\"196e435e-985b-408a-a59e-1e0728abedd5\"",
                        "properties": {
                            "provisioningState": "Succeeded",
                            "description": "Allow inbound traffic from azure load balancer",
                            "protocol": "*",
                            "sourcePortRange": "*",
                            "destinationPortRange": "*",
                            "sourceAddressPrefix": "AzureLoadBalancer",
                            "destinationAddressPrefix": "*",
                            "access": "Allow",
                            "priority": 65001,
                            "direction": "Inbound",
                            "sourcePortRanges": [],
                            "destinationPortRanges": [],
                            "sourceAddressPrefixes": [],
                            "destinationAddressPrefixes": []
                        }
                    },
                    {
                        "name": "DenyAllInBound",
                        "etag": "W/\"196e435e-985b-408a-a59e-1e0728abedd5\"",
                        "properties": {
                            "provisioningState": "Succeeded",
                            "description": "Deny all inbound traffic",
                            "protocol": "*",
                            "sourcePortRange": "*",
                            "destinationPortRange": "*",
                            "sourceAddressPrefix": "*",
                            "destinationAddressPrefix": "*",
                            "access": "Deny",
                            "priority": 65500,
                            "direction": "Inbound",
                            "sourcePortRanges": [],
                            "destinationPortRanges": [],
                            "sourceAddressPrefixes": [],
                            "destinationAddressPrefixes": []
                        }
                    },
                    {
                        "name": "AllowVnetOutBound",
                        "etag": "W/\"196e435e-985b-408a-a59e-1e0728abedd5\"",
                        "properties": {
                            "provisioningState": "Succeeded",
                            "description": "Allow outbound traffic from all VMs to all VMs in VNET",
                            "protocol": "*",
                            "sourcePortRange": "*",
                            "destinationPortRange": "*",
                            "sourceAddressPrefix": "VirtualNetwork",
                            "destinationAddressPrefix": "VirtualNetwork",
                            "access": "Allow",
                            "priority": 65000,
                            "direction": "Outbound",
                            "sourcePortRanges": [],
                            "destinationPortRanges": [],
                            "sourceAddressPrefixes": [],
                            "destinationAddressPrefixes": []
                        }
                    },
                    {
                        "name": "AllowInternetOutBound",
                        "etag": "W/\"196e435e-985b-408a-a59e-1e0728abedd5\"",
                        "properties": {
                            "provisioningState": "Succeeded",
                            "description": "Allow outbound traffic from all VMs to Internet",
                            "protocol": "*",
                            "sourcePortRange": "*",
                            "destinationPortRange": "*",
                            "sourceAddressPrefix": "*",
                            "destinationAddressPrefix": "Internet",
                            "access": "Allow",
                            "priority": 65001,
                            "direction": "Outbound",
                            "sourcePortRanges": [],
                            "destinationPortRanges": [],
                            "sourceAddressPrefixes": [],
                            "destinationAddressPrefixes": []
                        }
                    },
                    {
                        "name": "DenyAllOutBound",
                        "etag": "W/\"196e435e-985b-408a-a59e-1e0728abedd5\"",
                        "properties": {
                            "provisioningState": "Succeeded",
                            "description": "Deny all outbound traffic",
                            "protocol": "*",
                            "sourcePortRange": "*",
                            "destinationPortRange": "*",
                            "sourceAddressPrefix": "*",
                            "destinationAddressPrefix": "*",
                            "access": "Deny",
                            "priority": 65500,
                            "direction": "Outbound",
                            "sourcePortRanges": [],
                            "destinationPortRanges": [],
                            "sourceAddressPrefixes": [],
                            "destinationAddressPrefixes": []
                        }
                    }
                ]
            },
            "dependsOn": []
        },
        {
            "comments": "Generalized from resource: '/subscriptions/cd400f31-6f94-40ab-863a-673192a3c0d0/resourceGroups/LP4S1-Storage-Migration/providers/Microsoft.Network/networkSecurityGroups/Win2019-nsg'.",
            "type": "Microsoft.Network/networkSecurityGroups",
            "name": "[parameters('networkSecurityGroups_Win2019_nsg_name')]",
            "apiVersion": "2018-02-01",
            "location": "eastus",
            "tags": {},
            "scale": null,
            "properties": {
                "provisioningState": "Succeeded",
                "resourceGuid": "fe44adcc-d167-4eea-ad77-d94c0c706393",
                "securityRules": [],
                "defaultSecurityRules": [
                    {
                        "name": "AllowVnetInBound",
                        "etag": "W/\"a41438fc-a187-41b1-98a8-5f47bb79ffea\"",
                        "properties": {
                            "provisioningState": "Succeeded",
                            "description": "Allow inbound traffic from all VMs in VNET",
                            "protocol": "*",
                            "sourcePortRange": "*",
                            "destinationPortRange": "*",
                            "sourceAddressPrefix": "VirtualNetwork",
                            "destinationAddressPrefix": "VirtualNetwork",
                            "access": "Allow",
                            "priority": 65000,
                            "direction": "Inbound",
                            "sourcePortRanges": [],
                            "destinationPortRanges": [],
                            "sourceAddressPrefixes": [],
                            "destinationAddressPrefixes": []
                        }
                    },
                    {
                        "name": "AllowAzureLoadBalancerInBound",
                        "etag": "W/\"a41438fc-a187-41b1-98a8-5f47bb79ffea\"",
                        "properties": {
                            "provisioningState": "Succeeded",
                            "description": "Allow inbound traffic from azure load balancer",
                            "protocol": "*",
                            "sourcePortRange": "*",
                            "destinationPortRange": "*",
                            "sourceAddressPrefix": "AzureLoadBalancer",
                            "destinationAddressPrefix": "*",
                            "access": "Allow",
                            "priority": 65001,
                            "direction": "Inbound",
                            "sourcePortRanges": [],
                            "destinationPortRanges": [],
                            "sourceAddressPrefixes": [],
                            "destinationAddressPrefixes": []
                        }
                    },
                    {
                        "name": "DenyAllInBound",
                        "etag": "W/\"a41438fc-a187-41b1-98a8-5f47bb79ffea\"",
                        "properties": {
                            "provisioningState": "Succeeded",
                            "description": "Deny all inbound traffic",
                            "protocol": "*",
                            "sourcePortRange": "*",
                            "destinationPortRange": "*",
                            "sourceAddressPrefix": "*",
                            "destinationAddressPrefix": "*",
                            "access": "Deny",
                            "priority": 65500,
                            "direction": "Inbound",
                            "sourcePortRanges": [],
                            "destinationPortRanges": [],
                            "sourceAddressPrefixes": [],
                            "destinationAddressPrefixes": []
                        }
                    },
                    {
                        "name": "AllowVnetOutBound",
                        "etag": "W/\"a41438fc-a187-41b1-98a8-5f47bb79ffea\"",
                        "properties": {
                            "provisioningState": "Succeeded",
                            "description": "Allow outbound traffic from all VMs to all VMs in VNET",
                            "protocol": "*",
                            "sourcePortRange": "*",
                            "destinationPortRange": "*",
                            "sourceAddressPrefix": "VirtualNetwork",
                            "destinationAddressPrefix": "VirtualNetwork",
                            "access": "Allow",
                            "priority": 65000,
                            "direction": "Outbound",
                            "sourcePortRanges": [],
                            "destinationPortRanges": [],
                            "sourceAddressPrefixes": [],
                            "destinationAddressPrefixes": []
                        }
                    },
                    {
                        "name": "AllowInternetOutBound",
                        "etag": "W/\"a41438fc-a187-41b1-98a8-5f47bb79ffea\"",
                        "properties": {
                            "provisioningState": "Succeeded",
                            "description": "Allow outbound traffic from all VMs to Internet",
                            "protocol": "*",
                            "sourcePortRange": "*",
                            "destinationPortRange": "*",
                            "sourceAddressPrefix": "*",
                            "destinationAddressPrefix": "Internet",
                            "access": "Allow",
                            "priority": 65001,
                            "direction": "Outbound",
                            "sourcePortRanges": [],
                            "destinationPortRanges": [],
                            "sourceAddressPrefixes": [],
                            "destinationAddressPrefixes": []
                        }
                    },
                    {
                        "name": "DenyAllOutBound",
                        "etag": "W/\"a41438fc-a187-41b1-98a8-5f47bb79ffea\"",
                        "properties": {
                            "provisioningState": "Succeeded",
                            "description": "Deny all outbound traffic",
                            "protocol": "*",
                            "sourcePortRange": "*",
                            "destinationPortRange": "*",
                            "sourceAddressPrefix": "*",
                            "destinationAddressPrefix": "*",
                            "access": "Deny",
                            "priority": 65500,
                            "direction": "Outbound",
                            "sourcePortRanges": [],
                            "destinationPortRanges": [],
                            "sourceAddressPrefixes": [],
                            "destinationAddressPrefixes": []
                        }
                    }
                ]
            },
            "dependsOn": []
        },
        {
            "comments": "Generalized from resource: '/subscriptions/cd400f31-6f94-40ab-863a-673192a3c0d0/resourceGroups/LP4S1-Storage-Migration/providers/Microsoft.Network/publicIPAddresses/Jumpbox-ip'.",
            "type": "Microsoft.Network/publicIPAddresses",
            "sku": {
                "name": "Basic",
                "tier": "Regional"
            },
            "name": "[parameters('publicIPAddresses_Jumpbox_ip_name')]",
            "apiVersion": "2018-02-01",
            "location": "eastus",
            "tags": {},
            "scale": null,
            "properties": {
                "provisioningState": "Succeeded",
                "resourceGuid": "722a6b02-a225-4067-b329-98fe8bfb4723",
                "ipAddress": "13.68.228.49",
                "publicIPAddressVersion": "IPv4",
                "publicIPAllocationMethod": "Dynamic",
                "idleTimeoutInMinutes": 4,
                "ipTags": []
            },
            "dependsOn": []
        },
        {
            "comments": "Generalized from resource: '/subscriptions/cd400f31-6f94-40ab-863a-673192a3c0d0/resourceGroups/LP4S1-Storage-Migration/providers/Microsoft.Network/publicIPAddresses/Win2019-ip'.",
            "type": "Microsoft.Network/publicIPAddresses",
            "sku": {
                "name": "Basic",
                "tier": "Regional"
            },
            "name": "[parameters('publicIPAddresses_Win2019_ip_name')]",
            "apiVersion": "2018-02-01",
            "location": "eastus",
            "tags": {},
            "scale": null,
            "properties": {
                "provisioningState": "Succeeded",
                "resourceGuid": "d0ad5c1e-0e98-4781-b207-5ca68d47bb7a",
                "ipAddress": "23.96.46.175",
                "publicIPAddressVersion": "IPv4",
                "publicIPAllocationMethod": "Dynamic",
                "idleTimeoutInMinutes": 4,
                "ipTags": []
            },
            "dependsOn": []
        },
        {
            "comments": "Generalized from resource: '/subscriptions/cd400f31-6f94-40ab-863a-673192a3c0d0/resourceGroups/LP4S1-Storage-Migration/providers/Microsoft.Network/virtualNetworks/MyVNET'.",
            "type": "Microsoft.Network/virtualNetworks",
            "name": "[parameters('virtualNetworks_MyVNET_name')]",
            "apiVersion": "2018-02-01",
            "location": "eastus",
            "scale": null,
            "properties": {
                "provisioningState": "Succeeded",
                "resourceGuid": "65880788-6e40-4431-98a6-b4d81f15b7ae",
                "addressSpace": {
                    "addressPrefixes": [
                        "10.0.0.0/16"
                    ]
                },
                "dhcpOptions": {
                    "dnsServers": [
                        "10.0.0.4"
                    ]
                },
                "subnets": [
                    {
                        "name": "Subnet",
                        "etag": "W/\"bf0d6912-4ea3-4e06-be1e-57ab7e9cd313\"",
                        "properties": {
                            "provisioningState": "Succeeded",
                            "addressPrefix": "10.0.0.0/24",
                            "serviceEndpoints": []
                        }
                    }
                ],
                "virtualNetworkPeerings": [],
                "enableDdosProtection": false,
                "enableVmProtection": false
            },
            "dependsOn": []
        },
        {
            "comments": "Generalized from resource: '/subscriptions/cd400f31-6f94-40ab-863a-673192a3c0d0/resourceGroups/LP4S1-Storage-Migration/providers/Microsoft.Storage/storageAccounts/53thli4hkbh7qsawinvm'.",
            "type": "Microsoft.Storage/storageAccounts",
            "sku": {
                "name": "Standard_LRS",
                "tier": "Standard"
            },
            "kind": "Storage",
            "name": "[parameters('storageAccounts_53thli4hkbh7qsawinvm_name')]",
            "apiVersion": "2018-07-01",
            "location": "eastus",
            "tags": {},
            "scale": null,
            "properties": {
                "networkAcls": {
                    "bypass": "AzureServices",
                    "virtualNetworkRules": [],
                    "ipRules": [],
                    "defaultAction": "Allow"
                },
                "supportsHttpsTrafficOnly": false,
                "encryption": {
                    "services": {
                        "file": {
                            "enabled": true
                        },
                        "blob": {
                            "enabled": true
                        }
                    },
                    "keySource": "Microsoft.Storage"
                }
            },
            "dependsOn": []
        },
        {
            "comments": "Generalized from resource: '/subscriptions/cd400f31-6f94-40ab-863a-673192a3c0d0/resourceGroups/LP4S1-Storage-Migration/providers/Microsoft.Compute/virtualMachines/adVM/extensions/CreateADForest'.",
            "type": "Microsoft.Compute/virtualMachines/extensions",
            "name": "[concat(parameters('virtualMachines_adVM_name'), '/', parameters('extensions_CreateADForest_name'))]",
            "apiVersion": "2018-06-01",
            "location": "eastus",
            "scale": null,
            "properties": {
                "autoUpgradeMinorVersion": true,
                "settings": {
                    "ModulesUrl": "https://raw.githubusercontent.com/pierreroman/LP4S1/master/Storage-migration-demo/DSC/CreateADPDC.zip",
                    "ConfigurationFunction": "CreateADPDC.ps1\\CreateADPDC",
                    "Properties": {
                        "DomainName": "tailwind.com",
                        "AdminCreds": {
                            "UserName": "sysadmin",
                            "Password": "PrivateSettingsRef:AdminPassword"
                        }
                    }
                },
                "publisher": "Microsoft.Powershell",
                "type": "DSC",
                "typeHandlerVersion": "2.19",
                "protectedSettings": {}
            },
            "dependsOn": [
                "[resourceId('Microsoft.Compute/virtualMachines', parameters('virtualMachines_adVM_name'))]"
            ]
        },
        {
            "comments": "Generalized from resource: '/subscriptions/cd400f31-6f94-40ab-863a-673192a3c0d0/resourceGroups/LP4S1-Storage-Migration/providers/Microsoft.Compute/virtualMachines/Jumpbox/extensions/Microsoft.Insights.VMDiagnosticsSettings'.",
            "type": "Microsoft.Compute/virtualMachines/extensions",
            "name": "[concat(parameters('virtualMachines_Jumpbox_name'), '/', parameters('extensions_Microsoft.Insights.VMDiagnosticsSettings_name'))]",
            "apiVersion": "2018-06-01",
            "location": "eastus",
            "scale": null,
            "properties": {
                "autoUpgradeMinorVersion": true,
                "settings": {
                    "StorageAccount": "53thli4hkbh7qsawinvm",
                    "xmlCfg": "[parameters('extensions_Microsoft.Insights.VMDiagnosticsSettings_xmlCfg')]"
                },
                "publisher": "Microsoft.Azure.Diagnostics",
                "type": "IaaSDiagnostics",
                "typeHandlerVersion": "1.5",
                "protectedSettings": {
                    "storageAccountName": "[parameters('extensions_Microsoft.Insights.VMDiagnosticsSettings_storageAccountName')]",
                    "storageAccountKey": "[parameters('extensions_Microsoft.Insights.VMDiagnosticsSettings_storageAccountKey')]",
                    "storageAccountEndPoint": "[parameters('extensions_Microsoft.Insights.VMDiagnosticsSettings_storageAccountEndPoint')]"
                }
            },
            "dependsOn": [
                "[resourceId('Microsoft.Compute/virtualMachines', parameters('virtualMachines_Jumpbox_name'))]"
            ]
        },
        {
            "comments": "Generalized from resource: '/subscriptions/cd400f31-6f94-40ab-863a-673192a3c0d0/resourceGroups/LP4S1-Storage-Migration/providers/Microsoft.Compute/virtualMachines/Win2019/extensions/Microsoft.Insights.VMDiagnosticsSettings'.",
            "type": "Microsoft.Compute/virtualMachines/extensions",
            "name": "[concat(parameters('virtualMachines_Win2019_name'), '/', parameters('extensions_Microsoft.Insights.VMDiagnosticsSettings_name_1'))]",
            "apiVersion": "2018-06-01",
            "location": "eastus",
            "scale": null,
            "properties": {
                "autoUpgradeMinorVersion": true,
                "settings": {
                    "StorageAccount": "53thli4hkbh7qsawinvm",
                    "xmlCfg": "[parameters('extensions_Microsoft.Insights.VMDiagnosticsSettings_xmlCfg_1')]"
                },
                "publisher": "Microsoft.Azure.Diagnostics",
                "type": "IaaSDiagnostics",
                "typeHandlerVersion": "1.5",
                "protectedSettings": {
                    "storageAccountName": "[parameters('extensions_Microsoft.Insights.VMDiagnosticsSettings_storageAccountName_1')]",
                    "storageAccountKey": "[parameters('extensions_Microsoft.Insights.VMDiagnosticsSettings_storageAccountKey_1')]",
                    "storageAccountEndPoint": "[parameters('extensions_Microsoft.Insights.VMDiagnosticsSettings_storageAccountEndPoint_1')]"
                }
            },
            "dependsOn": [
                "[resourceId('Microsoft.Compute/virtualMachines', parameters('virtualMachines_Win2019_name'))]"
            ]
        },
        {
            "comments": "Generalized from resource: '/subscriptions/cd400f31-6f94-40ab-863a-673192a3c0d0/resourceGroups/LP4S1-Storage-Migration/providers/Microsoft.Network/networkSecurityGroups/Jumpbox-nsg/securityRules/RDP'.",
            "type": "Microsoft.Network/networkSecurityGroups/securityRules",
            "name": "[concat(parameters('networkSecurityGroups_Jumpbox_nsg_name'), '/', parameters('securityRules_RDP_name'))]",
            "apiVersion": "2018-02-01",
            "scale": null,
            "properties": {
                "provisioningState": "Succeeded",
                "protocol": "TCP",
                "sourcePortRange": "*",
                "destinationPortRange": "3389",
                "sourceAddressPrefix": "*",
                "destinationAddressPrefix": "*",
                "access": "Allow",
                "priority": 300,
                "direction": "Inbound",
                "sourcePortRanges": [],
                "destinationPortRanges": [],
                "sourceAddressPrefixes": [],
                "destinationAddressPrefixes": []
            },
            "dependsOn": [
                "[resourceId('Microsoft.Network/networkSecurityGroups', parameters('networkSecurityGroups_Jumpbox_nsg_name'))]"
            ]
        },
        {
            "comments": "Generalized from resource: '/subscriptions/cd400f31-6f94-40ab-863a-673192a3c0d0/resourceGroups/LP4S1-Storage-Migration/providers/Microsoft.Network/virtualNetworks/MyVNET/subnets/Subnet'.",
            "type": "Microsoft.Network/virtualNetworks/subnets",
            "name": "[concat(parameters('virtualNetworks_MyVNET_name'), '/', parameters('subnets_Subnet_name'))]",
            "apiVersion": "2018-02-01",
            "scale": null,
            "properties": {
                "provisioningState": "Succeeded",
                "addressPrefix": "10.0.0.0/24",
                "serviceEndpoints": []
            },
            "dependsOn": [
                "[resourceId('Microsoft.Network/virtualNetworks', parameters('virtualNetworks_MyVNET_name'))]"
            ]
        }
    ]
}